[{"model": "balance.account", "pk": 1, "fields": {"name": "Korea-Style", "last_period_balance": null, "currency": 0}}, {"model": "balance.account", "pk": 2, "fields": {"name": "Касса б\\н Уклон", "last_period_balance": null, "currency": 0}}, {"model": "balance.account", "pk": 3, "fields": {"name": "Касса нал Рома", "last_period_balance": null, "currency": 0}}, {"model": "balance.account", "pk": 4, "fields": {"name": "Касса нал Слава", "last_period_balance": null, "currency": 0}}, {"model": "balance.account", "pk": 5, "fields": {"name": "Плавитский Роман", "last_period_balance": null, "currency": 0}}, {"model": "balance.account", "pk": 6, "fields": {"name": "Гаркавий Олександр", "last_period_balance": null, "currency": 0}}, {"model": "balance.account", "pk": 7, "fields": {"name": "Колесник Игорь", "last_period_balance": null, "currency": 0}}, {"model": "balance.account", "pk": 8, "fields": {"name": "Уклон", "last_period_balance": null, "currency": 0}}, {"model": "balance.account", "pk": 9, "fields": {"name": "КА9188СТ", "last_period_balance": null, "currency": 1}}, {"model": "balance.account", "pk": 10, "fields": {"name": "КА9188СТ", "last_period_balance": null, "currency": 0}}, {"model": "balance.account", "pk": 11, "fields": {"name": "КА1761EI", "last_period_balance": null, "currency": 1}}, {"model": "balance.account", "pk": 12, "fields": {"name": "КА1761EI", "last_period_balance": null, "currency": 0}}, {"model": "balance.account", "pk": 13, "fields": {"name": "Гайдай Юлия", "last_period_balance": null, "currency": 0}}, {"model": "balance.account", "pk": 14, "fields": {"name": "BH0175OM", "last_period_balance": null, "currency": 1}}, {"model": "balance.account", "pk": 15, "fields": {"name": "BH0175OM", "last_period_balance": null, "currency": 0}}, {"model": "balance.account", "pk": 16, "fields": {"name": "KA6163CI", "last_period_balance": null, "currency": 1}}, {"model": "balance.account", "pk": 17, "fields": {"name": "KA6163CI", "last_period_balance": null, "currency": 0}}, {"model": "balance.account", "pk": 18, "fields": {"name": "КА9189СТ", "last_period_balance": null, "currency": 1}}, {"model": "balance.account", "pk": 19, "fields": {"name": "КА9189СТ", "last_period_balance": null, "currency": 0}}, {"model": "balance.account", "pk": 20, "fields": {"name": "KA7168EP", "last_period_balance": null, "currency": 1}}, {"model": "balance.account", "pk": 21, "fields": {"name": "KA7168EP", "last_period_balance": null, "currency": 0}}, {"model": "balance.account", "pk": 22, "fields": {"name": "KA1149CT", "last_period_balance": null, "currency": 1}}, {"model": "balance.account", "pk": 23, "fields": {"name": "KA1149CT", "last_period_balance": null, "currency": 0}}, {"model": "balance.account", "pk": 24, "fields": {"name": "KA1396CT", "last_period_balance": null, "currency": 1}}, {"model": "balance.account", "pk": 25, "fields": {"name": "KA1396CT", "last_period_balance": null, "currency": 0}}, {"model": "balance.account", "pk": 26, "fields": {"name": "Радченко Михаил", "last_period_balance": null, "currency": 0}}, {"model": "balance.account", "pk": 27, "fields": {"name": "Бойко Лариса", "last_period_balance": null, "currency": 0}}, {"model": "balance.account", "pk": 28, "fields": {"name": "KA7164EP", "last_period_balance": null, "currency": 1}}, {"model": "balance.account", "pk": 29, "fields": {"name": "KA7164EP", "last_period_balance": null, "currency": 0}}, {"model": "balance.account", "pk": 30, "fields": {"name": "KA1763EI", "last_period_balance": null, "currency": 1}}, {"model": "balance.account", "pk": 31, "fields": {"name": "KA1763EI", "last_period_balance": null, "currency": 0}}, {"model": "balance.account", "pk": 32, "fields": {"name": "KA7166EP", "last_period_balance": null, "currency": 1}}, {"model": "balance.account", "pk": 33, "fields": {"name": "KA7166EP", "last_period_balance": null, "currency": 0}}, {"model": "balance.account", "pk": 34, "fields": {"name": "KA9785EH", "last_period_balance": null, "currency": 1}}, {"model": "balance.account", "pk": 35, "fields": {"name": "KA9785EH", "last_period_balance": null, "currency": 0}}, {"model": "balance.cashbox", "pk": 2, "fields": {}}, {"model": "balance.cashbox", "pk": 3, "fields": {}}, {"model": "balance.cashbox", "pk": 4, "fields": {}}, {"model": "carmanagment.investor", "pk": 1, "fields": {"profit": 50.0, "operating_costs_percent": 5.0}}, {"model": "carmanagment.investor", "pk": 27, "fields": {"profit": 50.0, "operating_costs_percent": 5.0}}, {"model": "carmanagment.investor", "pk": 13, "fields": {"profit": 50.0, "operating_costs_percent": 5.0}}, {"model": "carmanagment.investor", "pk": 26, "fields": {"profit": 50.0, "operating_costs_percent": 5.0}}, {"model": "carmanagment.car", "pk": 15, "fields": {"date_start": "2022-01-11", "model": 2, "car_investor": 1, "investment": 14, "year": 2013, "mileage_at_start": 200000, "control_mileage": 200000, "last_TO_date": null, "wialon_id": "112170", "fuel_consumption": 15.0, "additional_miilage": 0, "rent_price_plan": null, "signal": "102"}}, {"model": "carmanagment.car", "pk": 23, "fields": {"date_start": "2022-01-11", "model": 3, "car_investor": 1, "investment": 22, "year": 2013, "mileage_at_start": 200000, "control_mileage": 200000, "last_TO_date": null, "wialon_id": "112172", "fuel_consumption": 15.0, "additional_miilage": 4, "rent_price_plan": null, "signal": "106"}}, {"model": "carmanagment.car", "pk": 25, "fields": {"date_start": "2022-01-11", "model": 3, "car_investor": 1, "investment": 24, "year": 2013, "mileage_at_start": 200000, "control_mileage": 200000, "last_TO_date": null, "wialon_id": "112169", "fuel_consumption": 15.0, "additional_miilage": 4, "rent_price_plan": null, "signal": "107"}}, {"model": "carmanagment.car", "pk": 31, "fields": {"date_start": "2022-01-11", "model": 2, "car_investor": 27, "investment": 30, "year": 2013, "mileage_at_start": 200000, "control_mileage": 200000, "last_TO_date": null, "wialon_id": "116166", "fuel_consumption": 15.0, "additional_miilage": 4, "rent_price_plan": null, "signal": "115"}}, {"model": "carmanagment.car", "pk": 17, "fields": {"date_start": "2022-01-11", "model": 2, "car_investor": 1, "investment": 16, "year": 2013, "mileage_at_start": 200000, "control_mileage": 200000, "last_TO_date": null, "wialon_id": "112168", "fuel_consumption": 15.0, "additional_miilage": 4, "rent_price_plan": null, "signal": "104"}}, {"model": "carmanagment.car", "pk": 29, "fields": {"date_start": "2022-01-11", "model": 2, "car_investor": 27, "investment": 28, "year": 2013, "mileage_at_start": 200000, "control_mileage": 200000, "last_TO_date": null, "wialon_id": "116080", "fuel_consumption": 15.0, "additional_miilage": 4, "rent_price_plan": null, "signal": "113"}}, {"model": "carmanagment.car", "pk": 33, "fields": {"date_start": "2022-01-11", "model": 3, "car_investor": 27, "investment": 32, "year": 2013, "mileage_at_start": 200000, "control_mileage": 200000, "last_TO_date": null, "wialon_id": "116083", "fuel_consumption": 15.0, "additional_miilage": 4, "rent_price_plan": null, "signal": "116"}}, {"model": "carmanagment.car", "pk": 21, "fields": {"date_start": "2022-01-11", "model": 2, "car_investor": 1, "investment": 20, "year": 2016, "mileage_at_start": 200000, "control_mileage": 200000, "last_TO_date": null, "wialon_id": "116106", "fuel_consumption": 15.0, "additional_miilage": 4, "rent_price_plan": null, "signal": "114"}}, {"model": "carmanagment.car", "pk": 35, "fields": {"date_start": "2022-01-11", "model": 2, "car_investor": 26, "investment": 34, "year": 2013, "mileage_at_start": 200000, "control_mileage": 200000, "last_TO_date": null, "wialon_id": null, "fuel_consumption": 14.0, "additional_miilage": 0, "rent_price_plan": null, "signal": "112"}}, {"model": "carmanagment.car", "pk": 12, "fields": {"date_start": "2021-12-11", "model": 2, "car_investor": 13, "investment": 11, "year": 2011, "mileage_at_start": 188152, "control_mileage": 188152, "last_TO_date": null, "wialon_id": "116081", "fuel_consumption": 15.0, "additional_miilage": 4, "rent_price_plan": null, "signal": "117"}}, {"model": "carmanagment.car", "pk": 10, "fields": {"date_start": "2021-12-11", "model": 1, "car_investor": 1, "investment": 9, "year": 2012, "mileage_at_start": 250307, "control_mileage": 250307, "last_TO_date": null, "wialon_id": "112171", "fuel_consumption": 15.0, "additional_miilage": 4, "rent_price_plan": null, "signal": "103"}}, {"model": "carmanagment.car", "pk": 19, "fields": {"date_start": "2022-01-11", "model": 3, "car_investor": 1, "investment": 18, "year": 2013, "mileage_at_start": 200000, "control_mileage": 200000, "last_TO_date": null, "wialon_id": "111832", "fuel_consumption": 15.0, "additional_miilage": 4, "rent_price_plan": null, "signal": "105"}}, {"model": "carmanagment.investmentcarbalance", "pk": 14, "fields": {"create_date": "2022-01-11"}}, {"model": "carmanagment.investmentcarbalance", "pk": 22, "fields": {"create_date": "2022-01-11"}}, {"model": "carmanagment.investmentcarbalance", "pk": 24, "fields": {"create_date": "2022-01-11"}}, {"model": "carmanagment.investmentcarbalance", "pk": 30, "fields": {"create_date": "2022-01-11"}}, {"model": "carmanagment.investmentcarbalance", "pk": 16, "fields": {"create_date": "2022-01-11"}}, {"model": "carmanagment.investmentcarbalance", "pk": 28, "fields": {"create_date": "2022-01-11"}}, {"model": "carmanagment.investmentcarbalance", "pk": 32, "fields": {"create_date": "2022-01-11"}}, {"model": "carmanagment.investmentcarbalance", "pk": 20, "fields": {"create_date": "2022-01-11"}}, {"model": "carmanagment.investmentcarbalance", "pk": 34, "fields": {"create_date": "2022-01-11"}}, {"model": "carmanagment.investmentcarbalance", "pk": 11, "fields": {"create_date": "2021-12-11"}}, {"model": "carmanagment.investmentcarbalance", "pk": 9, "fields": {"create_date": "2021-12-11"}}, {"model": "carmanagment.investmentcarbalance", "pk": 18, "fields": {"create_date": "2022-01-11"}}]
